{"cameraMode":{"drawMode":2,"name":"Shaded Wireframe","section":"Shading Mode"},"sceneLighting":true,"audioPlay":false,"sceneViewState":{"m_AlwaysRefresh":false,"showFog":true,"showSkybox":true,"showFlares":true,"showImageEffects":true,"showParticleSystems":true,"showVisualEffectGraphs":true,"m_FxEnabled":true},"in2DMode":false,"pivot":{"x":0.3604673743247986,"y":0.5948936343193054,"z":0.010371852666139603},"rotation":{"x":0.08204594254493714,"y":-0.6449683308601379,"z":0.06991506367921829,"w":0.7566133737564087},"size":3.2260944843292238,"orthographic":true}